INSERT INTO Transaktionstyper (TypID, Beskrivning)
VALUES
(1, 'Insättning'),
(2, 'Uttag');

INSERT INTO Kunder (KundID, Förnamn, Efternamn)
VALUES
(1, 'Anna', 'Svensson'),
(2, 'Erik', 'Johansson'),
(3, 'Lisa', 'Nilsson'),
(4, 'Karl', 'Andersson'),
(5, 'Emma', 'Berg'),
(6, 'Nils', 'Olsson'),
(7, 'Maja', 'Lind'),
(8, 'Sven', 'Eriksson'),
(9, 'Sara', 'Larsson'),
(10, 'Olle', 'Persson');

INSERT INTO Konton (KontoID, Saldo, KundID)
VALUES
(1, 15000.00, 1),
(2, 5000.00, 1),
(3, 25000.00, 2),
(4, 3000.00, 2),
(5, 8000.00, 3),
(6, 50000.00, 3),
(7, 12000.00, 4),
(8, 20000.00, 4),
(9, 1000.00, 5),
(10, 18000.00, 5),
(11, 22000.00, 6),
(12, 1500.00, 6),
(13, 30000.00, 7),
(14, 4000.00, 7),
(15, 7000.00, 8),
(16, 11000.00, 8),
(17, 2500.00, 9),
(18, 9500.00, 9),
(19, 8500.00, 10),
(20, 12000.00, 10);

INSERT INTO Transaktioner (TransaktionsID, Belopp, Datum, TypID, KontoID)
VALUES
(1, 2000.00, '2025-01-01', 1, 1),
(2, 500.00, '2025-01-02', 2, 1),
(3, 3000.00, '2025-01-03', 1, 2),
(4, 1500.00, '2025-01-04', 2, 2),
(5, 1000.00, '2025-01-05', 2, 3),
(6, 4000.00, '2025-01-06', 1, 3),
(7, 2500.00, '2025-01-07', 2, 4),
(8, 10000.00, '2025-01-08', 1, 4),
(9, 500.00, '2025-01-09', 2, 5),
(10, 2000.00, '2025-01-10', 1, 5),
(11, 700.00, '2025-01-11', 2, 6),
(12, 1200.00, '2025-01-12', 1, 6),
(13, 500.00, '2025-01-13', 2, 7),
(14, 400.00, '2025-01-14', 1, 7),
(15, 300.00, '2025-01-15', 2, 8),
(16, 600.00, '2025-01-16', 1, 8),
(17, 700.00, '2025-01-17', 2, 9),
(18, 1200.00, '2025-01-18', 1, 9),
(19, 250.00, '2025-01-19', 2, 10),
(20, 800.00, '2025-01-20', 1, 10),
(21, 200.00, '2025-01-21', 2, 11),
(22, 1500.00, '2025-01-22', 1, 11),
(23, 1200.00, '2025-01-23', 2, 12),
(24, 2000.00, '2025-01-24', 1, 12),
(25, 800.00, '2025-01-25', 2, 13),
(26, 3000.00, '2025-01-26', 1, 13),
(27, 2500.00, '2025-01-27', 2, 14),
(28, 1000.00, '2025-01-28', 1, 14),
(29, 700.00, '2025-01-29', 2, 15),
(30, 200.00, '2025-01-30', 1, 15),
(31, 500.00, '2025-01-31', 2, 16),
(32, 1200.00, '2025-02-01', 1, 16),
(33, 300.00, '2025-02-02', 2, 17),
(34, 600.00, '2025-02-03', 1, 17),
(35, 700.00, '2025-02-04', 2, 18),
(36, 1200.00, '2025-02-05', 1, 18),
(37, 500.00, '2025-02-06', 2, 19),
(38, 400.00, '2025-02-07', 1, 19),
(39, 300.00, '2025-02-08', 2, 20),
(40, 600.00, '2025-02-09', 1, 20),
(41, 700.00, '2025-02-10', 2, 1),
(42, 1200.00, '2025-02-11', 1, 2),
(43, 500.00, '2025-02-12', 2, 3),
(44, 400.00, '2025-02-13', 1, 4),
(45, 300.00, '2025-02-14', 2, 5),
(46, 600.00, '2025-02-15', 1, 6),
(47, 700.00, '2025-02-16', 2, 7),
(48, 1200.00, '2025-02-17', 1, 8),
(49, 500.00, '2025-02-18', 2, 9),
(50, 400.00, '2025-02-19', 1, 10);
